{
    "Afghanistan": [33.93911, 67.709953, 0],
    "Albanie": [41.1533, 20.1683, 0],
    "Algérie": [28.0339, 1.6596, 0],
    "Angola": [-11.2027, 17.8739, 0],
    "Arménie": [40.0691, 45.0382, 0],
    "Azerbaïdjan": [40.1431, 47.5769, 0],
    "Belize": [17.1899, -88.4976, 0],
    "Bosnie-Herzégovine": [43.9159, 17.6791, 0],
    "Botswana": [-22.3285, 24.4686, 0],
    "Burkina Faso": [12.2383, -1.5616, 0],
    "Bénin": [9.3075, 2.3158, 0],
    "Cabo Verde": [16.5388, -23.0418, 0],
    "Cambodge": [12.5657, 104.9910, 0],
    "Cameroun": [3.8480, 11.5021, 0],
    "Congo": [-0.2280, 15.8277, 0],
    "Croatie": [45.1, 15.2, 0],
    "Côte d'Ivoire": [7.539989, -5.547080, 0],
    "El Salvador": [13.7942, -88.8965, 0],
    "Eswatini": [-26.5225, 31.4659, 0],
    "Gambie": [13.4432, -15.3101, 0],
    "Ghana": [7.9465, -1.0232, 0],
    "Grèce": [39.0742, 21.8243, 0],
    "Guatemala": [15.7835, -90.2308, 0],
    "Guinée": [9.9456, -9.6966, 0],
    "Guinée-Bissau": [11.8037, -15.1804, 0],
    "Géorgie": [42.3154, 43.3569, 0],
    "Haïti": [18.9712, -72.2852, 0],
    "Honduras": [13.9094, -83.4339, 0],
    "Iraq": [33.2232, 43.6793, 0],
    "Kazakhstan": [48.0196, 66.9237, 0],
    "Kenya": [-1.2921, 36.8219, 0],
    "Kirghizistan": [41.2044, 74.7661, 0],
    "Lesotho": [-29.6093, 28.2336, 0],
    "Liban": [33.8547, 35.8623, 0],
    "Libéria": [6.4281, -9.4295, 0],
    "Macédoine du Nord": [41.6086, 21.7453, 0],
    "Madagascar": [-18.7669, 46.8691, 0],
    "Malawi": [-13.2543, 34.3015, 0],
    "Mali": [17.5707, -3.9962, 0],
    "Maroc": [31.7917, -7.0926, 0],
    "Mauritanie": [21.0079, -10.9400, 0],
    "Mongolie": [46.8625, 103.8467, 0],
    "Monténégro": [42.4411, 19.2636, 0],
    "Mozambique": [-18.6657, 35.5296, 0],
    "Namibie": [-22.9576, 18.4904, 0],
    "Nicaragua": [12.8654, -85.2072, 0],
    "Niger": [17.6078, 8.0817, 0],
    "Népal": [28.3949, 84.1240, 0],
    "Ouganda": [1.3733, 32.2903, 0],
    "Paraguay": [-23.4425, -58.4438, 0],
    "Pérou": [-9.19, -75.0152, 0],
    "Rwanda": [-1.9403, 29.8739, 0],
    "République centrafricaine": [6.6111, 20.9394, 0],
    "République de Moldova": [47.4116, 28.3699, 0],
    "République-Unie de Tanzanie": [-6.369028, 34.8888, 0],
    "Serbie": [44.0165, 21.0059, 0],
    "Sierra Leone": [8.4606, -11.7799, 0],
    "Soudan": [12.8628, 30.8025, 0],
    "Sri Lanka": [7.8731, 80.7718, 0],
    "Sénégal": [14.4974, -14.4524, 0],
    "Tadjikistan": [38.8610, 71.2761, 0],
    "Tchad": [15.4542, 18.7322, 0],
    "Timor-Leste": [-8.8742, 125.7275, 0],
    "Togo": [8.6195, 0.8248, 0],
    "Tunisie": [33.8869, 9.5375, 0],
    "Turkménistan": [38.9697, 59.5563, 0],
    "Uruguay": [-32.5228, -55.7658, 0],
    "Zambie": [-13.1339, 27.8493, 0],
    "Zimbabwe": [-19.0154, 29.1549, 0],
    "Équateur": [-1.8312, -78.1834, 0],
    "Îles Salomon": [-29.1248, 152.8883, 0],
    "Argentine": [-38.4161, -63.6167, 1],
    "Australie": [-25.2744, 133.7751, 1],
    "Autriche": [47.5162, 14.5501, 1],
    "Bahamas": [25.0343, -77.3963, 1],
    "Bolivie (État plurinational de)": [-16.2902, -63.5887, 1],
    "Bulgarie": [42.7339, 25.4858, 1],
    "Bélarus": [53.7098, 27.9534, 1],
    "Canada": [56.1304, -106.3468, 1],
    "Chili": [-35.6751, -71.5430, 1],
    "Chine - RAS de Macao": [22.1987, 113.5439, 1],
    "Chypre": [35.1264, 33.4299, 1],
    "Costa Rica": [9.7489, -83.7534, 1],
    "Danemark": [56.2639, 9.5018, 1],
    "Espagne": [40.4637, -3.7492, 1],
    "Estonie": [58.5953, 25.0136, 1],
    "Fidji": [-17.7134, 178.0650, 1],
    "Finlande": [61.9241, 25.7482, 1],
    "Gabon": [0.8037, 11.6094, 1],
    "Guyana": [4.8604, -58.9302, 1],
    "Hongrie": [47.1625, 19.5033, 1],
    "Irlande": [53.1424, -7.6921, 1],
    "Islande": [64.9631, -19.0208, 1],
    "Israël": [31.0461, 34.8516, 1],
    "Italie": [41.8719, 12.5674, 1],
    "Jamaïque": [18.1096, -77.2975, 1],
    "Jordanie": [30.5852, 36.2384, 1],
    "Koweït": [29.3759, 47.9774, 1],
    "Lettonie": [56.8796, 24.6032, 1],
    "Lituanie": [55.1694, 23.8813, 1],
    "Luxembourg": [49.6117, 6.13, 1],
    "Malaisie": [4.2105, 101.9758, 1],
    "Malte": [35.9375, 14.3754, 1],
    "Maurice": [-20.3484, 57.5522, 1],
    "Norvège": [60.4720, 8.4689, 1],
    "Nouvelle-Zélande": [-40.9006, 174.8860, 1],
    "Oman": [21.4735, 55.9754, 1],
    "Panama": [8.5380, -80.7821, 1],
    "Portugal": [39.3999, -8.2245, 1],
    "Roumanie": [45.9432, 24.9668, 1],
    "République de Corée": [35.9078, 127.7669, 1],
    "République dominicaine": [18.7357, -70.1627, 1],
    "Slovaquie": [48.6690, 19.6990, 1],
    "Slovénie": [46.1511, 14.9955, 1],
    "Suisse": [46.8182, 8.2275, 1],
    "Suriname": [3.9193, -56.0278, 1],
    "Suède": [60.1282, 18.6435, 1],
    "Tchéquie": [49.8175, 15.4730, 1],
    "Trinité-et-Tobago": [10.6918, -61.2225, 1],
    "Émirats arabes unis": [23.4241, 53.8478, 1],
    "Afrique du Sud": [-30.5595, 22.9375, 2],
    "Allemagne": [51.1657, 10.4515, 2],
    "Arabie saoudite": [24.6877, 45.0395, 2],
    "Belgique": [50.8503, 4.3517, 2],
    "Chine - RAS de Hong-Kong": [22.3193, 114.1694, 2],
    "France": [46.2276, 2.2137, 2],
    "Japon": [36.2048, 138.2529, 2],
    "Mexique": [23.6345, -102.5528, 2],
    "Pays-Bas": [52.3784, 4.9009, 2],
    "Pologne": [51.9194, 19.1451, 2],
    "Royaume-Uni de Grande-Bretagne et d'Irlande du Nord": [55.3781, -3.4360, 2],
    "Bangladesh": [23.685, 90.3563, 3],
    "Colombie": [4.5709, -74.2973, 3],
    "Indonésie": [-0.7893, 113.9213, 3],
    "Iran (République islamique)": [32.4279, 53.688, 3],
    "Myanmar": [21.9162, 95.955, 3],
    "Nigéria": [9.082, 8.6753, 3],
    "Pakistan": [30.3753, 69.3451, 3],
    "Philippines": [12.8797, 121.7740, 3],
    "Thaïlande": [15.8700, 100.9925, 3],
    "Turquie": [38.9637, 35.2433, 3],
    "Viet Nam": [14.0583, 108.2772, 3],
    "Égypte": [26.8206, 30.8025, 3],
    "Éthiopie": [9.145, 40.4897, 3]
}